model,case,event
model1,0,A
model1,1,A
model1,0,F
model1,2,A
model1,1,B
model1,0,D
model1,3,A
model1,2,B
model1,4,A
model1,1,C
model1,0,E
model1,3,F
model1,5,A
model1,2,C
model1,4,F
model1,1,A
model1,3,D
model1,0,G
model1,6,A
model1,2,A
model1,5,B
model1,7,A
model1,4,D
model1,0,I
model1,3,E
model1,1,B
model1,6,F
model1,5,C
model1,2,F
model1,8,A
model1,7,B
model1,0,J
model1,4,E
model1,3,G
model1,9,A
model1,6,D
model1,1,C
model1,5,A
model1,2,D
model1,8,F
model1,0,L
model1,10,A
model1,7,C
model1,4,G
model1,3,I
model1,6,E
model1,1,A
model1,9,B
model1,2,E
model1,5,F
model1,11,A
model1,8,D
model1,4,I
model1,10,B
model1,0,Q
model1,3,J
model1,7,A
model1,1,B
model1,6,G
model1,12,A
model1,9,C
model1,11,F
model1,2,G
model1,5,D
model1,8,E
model1,4,J
model1,13,A
model1,10,C
model1,0,N
model1,6,I
model1,1,C
model1,3,K
model1,7,F
model1,2,I
model1,11,D
model1,12,F
model1,9,A
model1,14,A
model1,5,E
model1,8,G
model1,4,L
model1,1,A
model1,10,A
model1,13,B
model1,3,Q
model1,15,A
model1,7,D
model1,11,E
model1,6,J
model1,2,J
model1,12,D
model1,5,G
model1,14,F
model1,9,B
model1,8,H
model1,4,Q
model1,3,N
model1,16,A
model1,1,B
model1,10,F
model1,13,C
model1,7,E
model1,15,F
model1,11,G
model1,6,K
model1,2,L
model1,5,H
model1,14,D
model1,17,A
model1,9,C
model1,12,E
model1,4,O
model1,1,C
model1,16,B
model1,10,D
model1,13,A
model1,18,A
model1,15,D
model1,11,I
model1,2,Q
model1,6,Q
model1,7,G
model1,14,E
model1,9,A
model1,17,B
model1,12,G
model1,16,C
model1,19,A
model1,1,A
model1,10,E
model1,13,B
model1,11,J
model1,6,O
model1,15,E
model1,2,O
model1,18,B
model1,9,F
model1,17,C
model1,7,H
model1,12,I
model1,20,A
model1,14,G
model1,16,A
model1,19,F
model1,13,C
model1,1,F
model1,10,G
model1,15,G
model1,21,A
model1,14,I
model1,11,K
model1,20,F
model1,17,A
model1,18,C
model1,12,J
model1,9,D
model1,19,D
model1,16,B
model1,22,A
model1,1,D
model1,13,A
model1,10,I
model1,15,I
model1,21,B
model1,14,J
model1,18,A
model1,17,F
model1,20,D
model1,9,E
model1,23,A
model1,11,Q
model1,12,L
model1,22,F
model1,16,C
model1,19,E
model1,1,E
model1,13,F
model1,24,A
model1,10,J
model1,15,J
model1,23,B
model1,14,K
model1,21,C
model1,17,D
model1,18,F
model1,20,E
model1,16,A
model1,12,Q
model1,9,G
model1,11,O
model1,22,D
model1,25,A
model1,19,G
model1,1,G
model1,13,D
model1,14,Q
model1,24,F
model1,15,K
model1,10,L
model1,21,A
model1,17,E
model1,23,C
model1,18,D
model1,16,F
model1,12,N
model1,20,G
model1,26,A
model1,9,I
model1,22,E
model1,19,H
model1,25,F
model1,13,E
model1,1,H
model1,14,N
model1,27,A
model1,24,D
model1,21,F
model1,16,D
model1,23,A
model1,18,E
model1,15,Q
model1,17,G
model1,20,H
model1,10,Q
model1,26,B
model1,9,J
model1,22,G
model1,28,A
model1,13,G
model1,25,D
model1,24,E
model1,16,E
model1,15,O
model1,27,F
model1,18,G
model1,21,D
model1,9,L
model1,29,A
model1,23,B
model1,17,H
model1,10,N
model1,26,C
model1,22,H
model1,13,H
model1,25,E
model1,24,G
model1,28,B
model1,30,A
model1,16,G
model1,27,D
model1,18,H
model1,21,E
model1,29,B
model1,26,A
model1,23,C
model1,9,Q
model1,31,A
model1,25,G
model1,28,C
model1,24,H
model1,16,H
model1,30,B
model1,21,G
model1,23,A
model1,27,E
model1,32,A
model1,9,O
model1,26,B
model1,29,C
model1,31,F
model1,25,I
model1,28,A
model1,33,A
model1,27,G
model1,30,C
model1,21,H
model1,23,B
model1,32,F
model1,26,C
model1,29,A
model1,34,A
model1,31,D
model1,25,J
model1,33,B
model1,28,B
model1,32,D
model1,27,I
model1,30,A
model1,26,A
model1,35,A
model1,23,C
model1,34,F
model1,29,F
model1,31,E
model1,33,C
model1,36,A
model1,25,K
model1,27,J
model1,28,C
model1,32,E
model1,26,F
model1,30,B
model1,23,A
model1,35,B
model1,31,G
model1,34,D
model1,37,A
model1,29,D
model1,33,A
model1,27,L
model1,26,D
model1,36,B
model1,25,Q
model1,32,G
model1,28,A
model1,35,C
model1,38,A
model1,23,F
model1,30,C
model1,34,E
model1,37,F
model1,31,H
model1,29,E
model1,33,F
model1,26,E
model1,27,Q
model1,39,A
model1,28,B
model1,32,H
model1,36,C
model1,25,O
model1,38,F
model1,35,A
model1,30,A
model1,23,D
model1,40,A
model1,34,G
model1,33,D
model1,37,D
model1,29,G
model1,26,G
model1,27,N
model1,39,B
model1,36,A
model1,28,C
model1,41,A
model1,38,D
model1,35,B
model1,30,F
model1,40,B
model1,33,E
model1,23,E
model1,37,E
model1,29,H
model1,26,I
model1,42,A
model1,34,I
model1,36,B
model1,39,C
model1,38,E
model1,28,A
model1,30,D
model1,41,F
model1,40,C
model1,35,C
model1,43,A
model1,33,G
model1,23,G
model1,37,G
model1,34,J
model1,26,J
model1,39,A
model1,42,F
model1,36,C
model1,44,A
model1,28,B
model1,38,G
model1,30,E
model1,41,D
model1,35,A
model1,40,A
model1,43,F
model1,33,I
model1,23,I
model1,45,A
model1,39,F
model1,37,H
model1,26,K
model1,34,K
model1,42,D
model1,36,A
model1,44,B
model1,28,C
model1,38,H
model1,43,D
model1,35,F
model1,41,E
model1,30,G
model1,40,B
model1,33,J
model1,46,A
model1,39,D
model1,23,J
model1,26,Q
model1,28,A
model1,45,B
model1,34,Q
model1,42,E
model1,44,C
model1,43,E
model1,41,G
model1,30,H
model1,36,F
model1,47,A
model1,40,C
model1,35,D
model1,33,K
model1,46,F
model1,28,F
model1,23,K
model1,39,E
model1,26,O
model1,48,A
model1,34,O
model1,36,D
model1,42,G
model1,45,C
model1,41,H
model1,44,A
model1,43,G
model1,47,B
model1,40,A
model1,35,E
model1,33,Q
model1,49,A
model1,23,Q
model1,28,D
model1,46,D
model1,48,B
model1,39,G
model1,45,A
model1,44,B
model1,42,I
model1,36,E
model1,43,H
model1,50,A
model1,40,F
model1,35,G
model1,33,N
model1,28,E
model1,47,C
model1,49,F
model1,23,O
model1,39,H
model1,46,E
model1,48,C
model1,51,A
model1,45,F
model1,44,C
model1,36,G
model1,42,J
model1,50,B
model1,47,A
model1,35,I
model1,28,G
model1,40,D
model1,52,A
model1,49,D
model1,46,G
model1,48,A
model1,51,B
model1,44,A
model1,50,C
model1,42,K
model1,45,D
model1,36,I
model1,28,I
model1,53,A
model1,35,J
model1,47,F
model1,40,E
model1,52,B
model1,46,H
model1,48,B
model1,44,B
model1,49,E
model1,54,A
model1,51,C
model1,42,Q
model1,35,L
model1,45,E
model1,50,A
model1,28,J
model1,36,J
model1,53,F
model1,47,D
model1,52,C
model1,55,A
model1,40,G
model1,44,C
model1,48,C
model1,54,B
model1,49,G
model1,45,G
model1,28,K
model1,51,A
model1,36,L
model1,56,A
model1,35,Q
model1,50,B
model1,42,O
model1,53,D
model1,55,F
model1,47,E
model1,40,I
model1,52,A
model1,48,A
model1,44,A
model1,57,A
model1,54,C
model1,49,H
model1,50,C
model1,36,Q
model1,51,B
model1,56,B
model1,45,H
model1,53,E
model1,35,N
model1,28,Q
model1,55,D
model1,47,G
model1,40,J
model1,58,A
model1,57,B
model1,48,B
model1,52,F
model1,44,B
model1,54,A
model1,50,A
model1,28,O
model1,59,A
model1,51,C
model1,36,N
model1,56,C
model1,47,H
model1,53,G
model1,55,E
model1,40,L
model1,58,F
model1,48,C
model1,52,D
model1,57,C
model1,60,A
model1,44,C
model1,54,F
model1,50,B
model1,51,A
model1,56,A
model1,59,F
model1,40,Q
model1,53,I
model1,55,G
model1,61,A
model1,48,A
model1,52,E
model1,57,A
model1,58,D
model1,60,F
model1,44,A
model1,56,B
model1,50,C
model1,54,D
model1,51,B
model1,59,D
model1,62,A
model1,40,N
model1,53,J
model1,61,F
model1,55,I
model1,58,E
model1,52,G
model1,48,B
model1,60,D
model1,63,A
model1,57,B
model1,54,E
model1,44,F
model1,59,E
model1,62,B
model1,56,C
model1,51,C
model1,50,A
model1,53,K
model1,64,A
model1,52,H
model1,55,J
model1,48,C
model1,58,G
model1,61,D
model1,60,E
model1,57,C
model1,63,F
model1,44,D
model1,56,A
model1,54,G
model1,59,G
model1,65,A
model1,50,B
model1,51,A
model1,62,C
model1,53,Q
model1,58,H
model1,61,E
model1,48,A
model1,55,K
model1,64,B
model1,57,A
model1,60,G
model1,63,D
model1,66,A
model1,59,H
model1,44,E
model1,50,C
model1,51,F
model1,62,A
model1,65,F
model1,56,F
model1,53,O
model1,54,H
model1,48,B
model1,67,A
model1,61,G
model1,55,Q
model1,60,I
model1,64,C
model1,66,F
model1,63,E
model1,57,B
model1,44,G
model1,50,A
model1,62,F
model1,68,A
model1,51,D
model1,65,D
model1,56,D
model1,48,C
model1,67,B
model1,55,O
model1,64,A
model1,61,I
model1,60,J
model1,66,D
model1,69,A
model1,57,C
model1,62,D
model1,63,G
model1,50,B
model1,44,I
model1,48,A
model1,68,F
model1,51,E
model1,56,E
model1,65,E
model1,70,A
model1,67,C
model1,64,F
model1,60,K
model1,66,E
model1,61,J
model1,69,B
model1,57,A
model1,50,C
model1,62,E
model1,44,J
model1,71,A
model1,48,B
model1,68,D
model1,63,I
model1,65,G
model1,56,G
model1,70,B
model1,51,G
model1,67,A
model1,64,D
model1,69,C
model1,60,Q
model1,66,G
model1,57,F
model1,72,A
model1,61,L
model1,50,A
model1,63,J
model1,62,G
model1,44,L
model1,68,E
model1,71,B
model1,65,I
model1,56,H
model1,48,C
model1,70,C
model1,51,I
model1,73,A
model1,67,B
model1,64,E
model1,60,O
model1,69,A
model1,57,D
model1,50,F
model1,72,F
model1,61,Q
model1,66,H
model1,62,H
model1,68,G
model1,74,A
model1,63,L
model1,71,C
model1,65,J
model1,44,Q
model1,48,A
model1,51,J
model1,73,B
model1,70,A
model1,64,G
model1,67,C
model1,69,F
model1,57,E
model1,75,A
model1,61,N
model1,72,D
model1,68,I
model1,44,O
model1,50,D
model1,65,L
model1,63,Q
model1,48,F
model1,74,F
model1,71,A
model1,67,A
model1,73,C
model1,64,H
model1,76,A
model1,69,D
model1,51,K
model1,70,F
model1,75,F
model1,57,G
model1,72,E
model1,68,J
model1,65,Q
model1,77,A
model1,50,E
model1,63,O
model1,67,B
model1,74,D
model1,71,F
model1,69,E
model1,48,D
model1,76,B
model1,73,A
model1,70,D
model1,75,D
model1,51,Q
model1,78,A
model1,57,I
model1,72,G
model1,65,N
model1,68,K
model1,77,F
model1,50,G
model1,67,C
model1,74,E
model1,71,D
model1,69,G
model1,79,A
model1,73,B
model1,76,C
model1,51,O
model1,48,E
model1,70,E
model1,75,E
model1,78,F
model1,68,Q
model1,57,J
model1,72,I
model1,77,D
model1,50,H
model1,80,A
model1,67,A
model1,71,E
model1,69,H
model1,74,G
model1,79,F
model1,75,G
model1,76,A
model1,73,C
model1,70,G
model1,48,G
model1,57,L
model1,68,O
model1,81,A
model1,77,E
model1,78,D
model1,72,J
model1,80,B
model1,71,G
model1,67,F
model1,74,H
model1,79,D
model1,76,F
model1,82,A
model1,75,H
model1,73,A
model1,70,H
model1,48,H
model1,72,L
model1,77,G
model1,57,Q
model1,81,F
model1,78,E
model1,83,A
model1,80,C
model1,71,I
model1,67,D
model1,76,D
model1,82,F
model1,79,E
model1,72,Q
model1,84,A
model1,73,B
model1,57,O
model1,81,D
model1,77,I
model1,78,G
model1,80,A
model1,71,J
model1,83,B
model1,67,E
model1,76,E
model1,82,D
model1,85,A
model1,79,G
model1,72,N
model1,73,C
model1,84,F
model1,81,E
model1,77,J
model1,80,B
model1,71,L
model1,78,H
model1,86,A
model1,83,C
model1,76,G
model1,79,I
model1,82,E
model1,67,G
model1,85,F
model1,73,A
model1,87,A
model1,84,D
model1,77,L
model1,81,G
model1,86,B
model1,80,C
model1,71,Q
model1,83,A
model1,85,D
model1,88,A
model1,67,H
model1,79,J
model1,76,I
model1,82,G
model1,77,Q
model1,84,E
model1,73,B
model1,87,B
model1,81,H
model1,71,O
model1,86,C
model1,80,A
model1,89,A
model1,83,B
model1,85,E
model1,76,J
model1,88,F
model1,79,L
model1,82,H
model1,84,G
model1,77,N
model1,73,C
model1,90,A
model1,87,C
model1,89,B
model1,86,A
model1,80,F
model1,83,C
model1,85,G
model1,76,L
model1,91,A
model1,79,Q
model1,88,D
model1,84,H
model1,90,B
model1,73,A
model1,87,A
model1,89,C
model1,86,F
model1,80,D
model1,92,A
model1,83,A
model1,76,Q
model1,85,I
model1,91,B
model1,87,B
model1,88,E
model1,79,O
model1,90,C
model1,73,F
model1,93,A
model1,89,A
model1,86,D
model1,92,B
model1,85,J
model1,83,F
model1,80,E
model1,76,O
model1,94,A
model1,91,C
model1,73,D
model1,87,C
model1,88,G
model1,90,A
model1,93,F
model1,89,F
model1,92,C
model1,83,D
model1,86,E
model1,95,A
model1,85,L
model1,94,F
model1,80,G
model1,91,A
model1,90,B
model1,87,A
model1,73,E
model1,88,I
model1,96,A
model1,93,D
model1,83,E
model1,92,A
model1,89,D
model1,95,F
model1,86,G
model1,94,D
model1,80,I
model1,73,G
model1,85,Q
model1,97,A
model1,91,F
model1,87,B
model1,90,C
model1,88,J
model1,96,F
model1,92,B
model1,93,E
model1,95,D
model1,83,G
model1,98,A
model1,89,E
model1,86,H
model1,94,E
model1,91,D
model1,85,N
model1,80,J
model1,73,H
model1,97,B
model1,87,C
model1,90,A
model1,88,K
model1,99,A
model1,93,G
model1,96,D
model1,92,C
model1,98,F
model1,83,I
model1,95,E
model1,94,G
model1,89,G
model1,91,E
model1,100,A
model1,80,K
model1,87,A
model1,97,C
model1,88,Q
model1,90,B
model1,96,E
model1,99,B
model1,92,A
model1,93,H
model1,98,D
model1,95,G
model1,83,J
model1,89,H
model1,101,A
model1,94,I
model1,91,G
model1,87,F
model1,100,B
model1,80,Q
model1,97,A
model1,102,A
model1,96,G
model1,90,C
model1,88,N
model1,99,C
model1,95,I
model1,92,B
model1,98,E
model1,83,K
model1,101,F
model1,94,J
model1,100,C
model1,91,H
model1,87,D
model1,103,A
model1,80,N
model1,102,B
model1,97,F
model1,99,A
model1,96,H
model1,98,G
model1,90,A
model1,95,J
model1,92,C
model1,104,A
model1,94,L
model1,101,D
model1,83,Q
model1,103,F
model1,87,E
model1,100,A
model1,102,C
model1,105,A
model1,97,D
model1,98,H
model1,99,F
model1,92,A
model1,90,B
model1,104,B
model1,95,L
model1,83,O
model1,101,E
model1,103,D
model1,94,Q
model1,87,G
model1,106,A
model1,100,B
model1,105,F
model1,102,A
model1,97,E
model1,95,Q
model1,99,D
model1,104,C
model1,107,A
model1,92,B
model1,90,C
model1,94,N
model1,103,E
model1,101,G
model1,87,I
model1,106,F
model1,105,D
model1,100,C
model1,102,B
model1,97,G
model1,108,A
model1,99,E
model1,95,O
model1,107,B
model1,90,A
model1,92,C
model1,104,A
model1,103,G
model1,101,I
model1,109,A
model1,87,J
model1,106,D
model1,100,A
model1,105,E
model1,102,C
model1,99,G
model1,97,I
model1,108,B
model1,107,C
model1,104,F
model1,90,F
model1,110,A
model1,103,I
model1,101,J
model1,92,A
model1,109,B
model1,106,E
model1,87,L
model1,100,F
model1,97,J
model1,99,I
model1,105,G
model1,111,A
model1,108,C
model1,107,A
model1,102,A
model1,90,D
model1,104,D
model1,110,F
model1,101,L
model1,103,J
model1,109,C
model1,100,D
model1,92,F
model1,112,A
model1,99,J
model1,87,Q
model1,106,G
model1,107,F
model1,97,L
model1,102,B
model1,90,E
model1,108,A
model1,105,H
model1,111,B
model1,104,E
model1,113,A
model1,101,Q
model1,110,D
model1,103,K
model1,109,A
model1,92,D
model1,99,K
model1,100,E
model1,106,H
model1,112,F
model1,87,O
model1,107,D
model1,114,A
model1,90,G
model1,102,C
model1,97,Q
model1,111,C
model1,113,F
model1,108,F
model1,104,G
model1,110,E
model1,101,N
model1,109,F
model1,115,A
model1,103,Q
model1,92,E
model1,112,D
model1,100,G
model1,99,Q
model1,107,E
model1,114,B
model1,102,A
model1,90,H
model1,97,O
model1,111,A
model1,108,D
model1,113,D
model1,104,I
model1,116,A
model1,110,G
model1,115,B
model1,109,D
model1,92,G
model1,112,E
model1,107,G
model1,100,I
model1,102,B
model1,99,O
model1,103,N
model1,114,C
model1,117,A
model1,111,B
model1,113,E
model1,108,E
model1,104,J
model1,116,F
model1,110,H
model1,92,I
model1,115,C
model1,118,A
model1,112,G
model1,107,H
model1,100,J
model1,109,E
model1,102,C
model1,117,F
model1,114,A
model1,111,C
model1,108,G
model1,113,G
model1,119,A
model1,116,D
model1,104,L
model1,92,J
model1,115,A
model1,112,I
model1,100,K
model1,109,G
model1,118,F
model1,102,A
model1,120,A
model1,111,A
model1,114,B
model1,113,I
model1,117,D
model1,108,H
model1,104,Q
model1,116,E
model1,119,F
model1,100,Q
model1,92,K
model1,112,J
model1,115,F
model1,121,A
model1,109,H
model1,118,D
model1,102,B
model1,120,B
model1,111,B
model1,117,E
model1,113,J
model1,114,C
model1,122,A
model1,104,N
model1,116,G
model1,119,D
model1,115,D
model1,100,O
model1,92,Q
model1,112,L
model1,121,B
model1,102,C
model1,118,E
model1,123,A
model1,120,C
model1,117,G
model1,111,C
model1,113,K
model1,116,I
model1,122,B
model1,119,E
model1,114,A
model1,121,C
model1,115,E
model1,92,N
model1,124,A
model1,102,A
model1,112,Q
model1,123,F
model1,117,I
model1,118,G
model1,120,A
model1,113,Q
model1,116,J
model1,111,A
model1,125,A
model1,122,C
model1,119,G
model1,114,B
model1,121,A
model1,115,G
model1,124,F
model1,117,J
model1,118,I
model1,120,F
model1,102,B
model1,112,N
model1,113,N
model1,123,D
model1,126,A
model1,111,B
model1,116,K
model1,119,H
model1,125,B
model1,122,A
model1,114,C
model1,127,A
model1,121,B
model1,115,I
model1,102,C
model1,117,K
model1,124,D
model1,118,J
model1,123,E
model1,120,D
model1,126,F
model1,111,C
model1,116,Q
model1,125,C
model1,128,A
model1,122,B
model1,121,C
model1,127,F
model1,114,A
model1,123,G
model1,117,Q
model1,115,J
model1,120,E
model1,102,A
model1,124,E
model1,129,A
model1,126,D
model1,118,L
model1,125,A
model1,116,O
model1,111,A
model1,128,F
model1,121,A
model1,122,C
model1,127,D
model1,123,H
model1,114,F
model1,130,A
model1,115,L
model1,124,G
model1,118,Q
model1,102,B
model1,117,N
model1,126,E
model1,120,G
model1,129,B
model1,111,B
model1,121,B
model1,125,B
model1,131,A
model1,128,D
model1,127,E
model1,122,A
model1,114,D
model1,130,F
model1,118,N
model1,115,Q
model1,124,I
model1,129,C
model1,132,A
model1,102,C
model1,126,G
model1,111,C
model1,128,E
model1,122,B
model1,125,C
model1,114,E
model1,121,C
model1,120,I
model1,127,G
model1,131,B
model1,133,A
model1,130,D
model1,115,N
model1,132,B
model1,129,A
model1,102,A
model1,126,I
model1,124,J
model1,111,A
model1,125,A
model1,120,J
model1,128,G
model1,134,A
model1,122,C
model1,114,G
model1,121,A
model1,131,C
model1,127,H
model1,130,E
model1,102,B
model1,133,B
model1,135,A
model1,132,C
model1,129,B
model1,124,L
model1,125,B
model1,126,J
model1,131,A
model1,128,H
model1,122,A
model1,134,F
model1,120,L
model1,111,F
model1,114,H
model1,121,B
model1,136,A
model1,130,G
model1,102,C
model1,133,C
model1,135,F
model1,129,C
model1,132,A
model1,124,Q
model1,126,K
model1,131,F
model1,120,Q
model1,122,F
model1,134,D
model1,125,C
model1,137,A
model1,111,D
model1,121,C
model1,136,B
model1,130,I
model1,102,A
model1,133,A
model1,131,D
model1,132,B
model1,129,A
model1,138,A
model1,135,D
model1,134,E
model1,124,N
model1,126,Q
model1,120,O
model1,122,D
model1,111,E
model1,125,A
model1,121,A
model1,137,F
model1,139,A
model1,130,J
model1,136,C
model1,102,F
model1,131,E
model1,133,B
model1,132,C
model1,126,O
model1,135,E
model1,138,B
model1,134,G
model1,129,F
model1,111,G
model1,125,F
model1,140,A
model1,137,D
model1,122,E
model1,121,B
model1,136,A
model1,102,D
model1,130,L
model1,139,F
model1,131,G
model1,133,C
model1,138,C
model1,141,A
model1,134,I
model1,135,G
model1,132,A
model1,111,I
model1,129,D
model1,125,D
model1,137,E
model1,122,G
model1,140,F
model1,130,Q
model1,121,C
model1,136,B
model1,142,A
model1,131,I
model1,139,D
model1,102,E
model1,138,A
model1,133,A
model1,134,J
model1,135,H
model1,129,E
model1,141,B
model1,132,B
model1,125,E
model1,111,J
model1,143,A
model1,122,H
model1,121,A
model1,130,O
model1,137,G
model1,140,D
model1,139,E
model1,131,J
model1,138,B
model1,142,F
model1,102,G
model1,136,C
model1,134,L
model1,144,A
model1,141,C
model1,133,F
model1,129,G
model1,125,G
model1,132,C
model1,143,B
model1,111,L
model1,139,G
model1,137,I
model1,131,K
model1,142,D
model1,121,B
model1,145,A
model1,140,E
model1,102,I
model1,138,C
model1,136,A
model1,134,Q
model1,144,F
model1,129,I
model1,141,A
model1,125,H
model1,133,D
model1,132,A
model1,146,A
model1,111,Q
model1,143,C
model1,140,G
model1,137,J
model1,131,Q
model1,102,J
model1,139,I
model1,145,B
model1,142,E
model1,144,D
model1,138,A
model1,136,B
model1,121,C
model1,134,N
model1,147,A
model1,129,J
model1,141,F
model1,132,F
model1,146,B
model1,133,E
model1,111,N
model1,140,H
model1,102,L
model1,137,K
model1,139,J
model1,143,A
model1,148,A
model1,144,E
model1,138,F
model1,131,O
model1,142,G
model1,136,C
model1,121,A
model1,145,C
model1,129,K
model1,141,D
model1,147,B
model1,132,D
model1,146,C
model1,149,A
model1,133,G
model1,137,Q
model1,142,H
model1,102,Q
model1,139,L
model1,144,G
model1,138,D
model1,136,A
model1,145,A
model1,148,F
model1,143,F
model1,121,B
model1,129,Q
model1,150,A
model1,141,E
model1,147,C
model1,146,A
model1,132,E
model1,102,O
model1,149,B
model1,133,H
model1,137,N
model1,136,F
model1,139,Q
model1,151,A
model1,145,B
model1,148,D
model1,121,C
model1,144,H
model1,143,D
model1,129,O
model1,138,E
model1,150,B
model1,147,A
model1,141,G
model1,146,B
model1,152,A
model1,132,G
model1,149,C
model1,139,N
model1,136,D
model1,148,E
model1,151,F
model1,143,E
model1,121,A
model1,145,C
model1,153,A
model1,138,G
model1,150,C
model1,147,F
model1,152,B
model1,141,I
model1,149,A
model1,146,C
model1,132,I
model1,136,E
model1,154,A
model1,148,G
model1,151,D
model1,143,G
model1,138,I
model1,153,B
model1,145,A
model1,121,F
model1,141,J
model1,150,A
model1,147,D
model1,152,C
model1,155,A
model1,146,A
model1,149,F
model1,136,G
model1,154,B
model1,151,E
model1,132,J
model1,148,I
model1,138,J
model1,143,I
model1,121,D
model1,153,C
model1,156,A
model1,141,K
model1,145,B
model1,150,F
model1,147,E
model1,149,D
model1,152,A
model1,136,H
model1,155,F
model1,146,B
model1,157,A
model1,154,C
model1,151,G
model1,148,J
model1,132,K
model1,121,E
model1,143,J
model1,138,K
model1,156,F
model1,153,A
model1,141,Q
model1,147,G
model1,145,C
model1,150,D
model1,152,F
model1,158,A
model1,149,E
model1,146,C
model1,154,A
model1,155,D
model1,157,F
model1,151,H
model1,148,L
model1,132,Q
model1,143,L
model1,121,G
model1,156,D
model1,159,A
model1,138,Q
model1,150,E
model1,145,A
model1,153,F
model1,147,H
model1,141,O
model1,149,G
model1,158,B
model1,152,D
model1,146,A
model1,157,D
model1,155,E
model1,154,F
model1,148,Q
model1,160,A
model1,132,N
model1,121,H
model1,159,B
model1,143,Q
model1,150,G
model1,138,O
model1,153,D
model1,156,E
model1,145,B
model1,149,H
model1,161,A
model1,152,E
model1,158,C
model1,146,B
model1,160,F
model1,154,D
model1,157,E
model1,155,G
model1,148,O
model1,159,C
model1,162,A
model1,143,N
model1,150,H
model1,153,E
model1,145,C
model1,152,G
model1,161,F
model1,158,A
model1,156,G
model1,146,C
model1,160,D
model1,163,A
model1,157,G
model1,154,E
model1,155,I
model1,159,A
model1,162,F
model1,153,G
model1,158,F
model1,152,I
model1,145,A
model1,161,D
model1,164,A
model1,156,I
model1,146,A
model1,160,E
model1,154,G
model1,163,F
model1,157,I
model1,155,J
model1,165,A
model1,159,F
model1,162,D
model1,152,J
model1,145,F
model1,153,I
model1,158,D
model1,164,B
model1,156,J
model1,161,E
model1,146,B
model1,163,D
model1,166,A
model1,154,I
model1,160,G
model1,155,L
model1,157,J
model1,165,B
model1,159,D
model1,162,E
model1,153,J
model1,156,L
model1,164,C
model1,145,D
model1,158,E
model1,152,K
model1,167,A
model1,161,G
model1,146,C
model1,163,E
model1,154,J
model1,166,B
model1,160,I
model1,155,Q
model1,165,C
model1,157,K
model1,162,G
model1,168,A
model1,159,E
model1,158,G
model1,153,K
model1,145,E
model1,152,Q
model1,164,A
model1,167,B
model1,156,Q
model1,161,I
model1,154,L
model1,146,A
model1,169,A
model1,166,C
model1,163,G
model1,155,N
model1,165,A
model1,160,J
model1,159,G
model1,157,Q
model1,168,B
model1,145,G
model1,153,Q
model1,158,I
model1,167,C
model1,162,I
model1,152,O
model1,170,A
model1,161,J
model1,164,F
model1,156,O
model1,154,Q
model1,160,K
model1,166,A
model1,169,F
model1,146,F
model1,163,H
model1,157,O
model1,159,H
model1,165,B
model1,171,A
model1,145,I
model1,153,N
model1,158,J
model1,162,J
model1,168,C
model1,167,A
model1,170,B
model1,164,D
model1,160,Q
model1,154,O
model1,161,L
model1,172,A
model1,166,B
model1,146,D
model1,169,D
model1,165,C
model1,158,L
model1,171,F
model1,162,L
model1,145,J
model1,168,A
model1,167,B
model1,164,E
model1,173,A
model1,160,O
model1,166,C
model1,172,F
model1,170,C
model1,161,Q
model1,171,D
model1,146,E
model1,165,A
model1,169,E
model1,168,F
model1,174,A
model1,158,Q
model1,145,K
model1,162,Q
model1,167,C
model1,173,B
model1,164,G
model1,166,A
model1,172,D
model1,170,A
model1,161,O
model1,175,A
model1,165,B
model1,171,E
model1,168,D
model1,146,G
model1,162,N
model1,158,O
model1,174,F
model1,169,G
model1,145,Q
model1,167,A
model1,173,C
model1,172,E
model1,176,A
model1,164,I
model1,166,F
model1,170,B
model1,171,G
model1,175,F
model1,165,C
model1,168,E
model1,146,I
model1,177,A
model1,174,D
model1,145,O
model1,176,B
model1,172,G
model1,173,A
model1,169,I
model1,167,F
model1,164,J
model1,170,C
model1,175,D
model1,178,A
model1,166,D
model1,165,A
model1,171,H
model1,168,G
model1,146,J
model1,177,B
model1,174,E
model1,176,C
model1,169,J
model1,167,D
model1,164,K
model1,179,A
model1,173,F
model1,172,H
model1,170,A
model1,175,E
model1,166,E
model1,165,F
model1,178,F
model1,168,H
model1,146,K
model1,180,A
model1,177,C
model1,174,G
model1,179,B
model1,173,D
model1,169,L
model1,176,A
model1,167,E
model1,164,Q
model1,178,D
model1,165,D
model1,175,G
model1,166,G
model1,181,A
model1,170,B
model1,146,Q
model1,180,B
model1,177,A
model1,174,H
model1,179,C
model1,176,F
model1,167,G
model1,173,E
model1,169,Q
model1,164,O
model1,182,A
model1,165,E
model1,178,E
model1,181,B
model1,170,C
model1,166,H
model1,175,H
model1,146,O
model1,183,A
model1,180,C
model1,176,D
model1,167,I
model1,177,F
model1,179,A
model1,173,G
model1,169,N
model1,182,B
model1,165,G
model1,178,G
model1,181,C
model1,170,A
model1,184,A
model1,180,A
model1,167,J
model1,183,F
model1,176,E
model1,173,H
model1,177,D
model1,179,B
model1,185,A
model1,178,H
model1,165,I
model1,184,B
model1,181,A
model1,182,C
model1,170,F
model1,167,K
model1,183,D
model1,186,A
model1,180,F
model1,176,G
model1,185,F
model1,177,E
model1,179,C
model1,165,J
model1,181,F
model1,187,A
model1,184,C
model1,182,A
model1,180,D
model1,183,E
model1,167,Q
model1,170,D
model1,186,F
model1,177,G
model1,179,A
model1,185,D
model1,176,H
model1,188,A
model1,165,L
model1,184,A
model1,181,D
model1,187,B
model1,183,G
model1,167,O
model1,182,B
model1,180,E
model1,189,A
model1,186,D
model1,170,E
model1,177,I
model1,185,E
model1,165,Q
model1,188,F
model1,179,F
model1,187,C
model1,190,A
model1,184,F
model1,182,C
model1,181,E
model1,183,I
model1,180,G
model1,170,G
model1,186,E
model1,189,B
model1,185,G
model1,177,J
model1,165,O
model1,188,D
model1,191,A
model1,179,D
model1,187,A
model1,190,F
model1,184,D
model1,180,H
model1,182,A
model1,170,I
model1,183,J
model1,186,G
model1,181,G
model1,192,A
model1,185,I
model1,189,C
model1,191,B
model1,177,K
model1,188,E
model1,179,E
model1,187,B
model1,184,E
model1,193,A
model1,190,D
model1,186,I
model1,170,J
model1,181,H
model1,182,F
model1,183,K
model1,185,J
model1,192,F
model1,189,A
model1,191,C
model1,179,G
model1,177,Q
model1,194,A
model1,188,G
model1,170,K
model1,186,J
model1,184,G
model1,190,E
model1,193,F
model1,187,C
model1,182,D
model1,183,Q
model1,192,D
model1,189,F
model1,191,A
model1,185,K
model1,195,A
model1,179,I
model1,188,H
model1,194,B
model1,177,O
model1,187,A
model1,170,Q
model1,184,I
model1,193,D
model1,190,G
model1,196,A
model1,186,K
model1,182,E
model1,183,N
model1,192,E
model1,191,B
model1,189,D
model1,195,B
model1,179,J
model1,185,Q
model1,170,N
model1,197,A
model1,187,F
model1,194,C
model1,184,J
model1,190,H
model1,196,F
model1,186,Q
model1,193,E
model1,192,G
model1,182,G
model1,191,C
model1,198,A
model1,179,L
model1,189,E
model1,195,C
model1,185,O
model1,197,B
model1,187,D
model1,194,A
model1,184,K
model1,196,D
model1,193,G
model1,199,A
model1,192,H
model1,182,H
model1,186,O
model1,189,G
model1,191,A
model1,198,F
model1,179,Q
model1,195,A
model1,197,C
model1,187,E
model1,200,A
model1,194,B
model1,193,I
model1,196,E
model1,184,Q
model1,199,F
model1,191,B
model1,201,A
model1,179,N
model1,189,I
model1,195,F
model1,197,A
model1,198,D
model1,194,C
model1,187,G
model1,200,F
model1,196,G
model1,193,J
model1,184,O
model1,202,A
model1,199,D
model1,191,C
model1,195,D
model1,189,J
model1,201,B
model1,197,F
model1,194,A
model1,198,E
model1,187,I
model1,200,D
model1,203,A
model1,196,H
model1,193,K
model1,202,B
model1,199,E
model1,204,A
model1,195,E
model1,189,L
model1,191,A
model1,201,C
model1,198,G
model1,197,D
model1,200,E
model1,203,F
model1,194,B
model1,187,J
model1,193,Q
model1,202,C
model1,205,A
model1,199,G
model1,201,A
model1,200,G
model1,204,F
model1,191,B
model1,189,Q
model1,198,I
model1,195,G
model1,197,E
model1,194,C
model1,206,A
model1,203,D
model1,193,N
model1,187,K
model1,202,A
model1,205,B
model1,199,I
model1,201,F
model1,207,A
model1,189,O
model1,200,H
model1,191,C
model1,204,D
model1,198,J
model1,195,H
model1,203,E
model1,197,G
model1,202,B
model1,206,F
model1,194,A
model1,187,Q
model1,208,A
model1,201,D
model1,205,C
model1,199,J
model1,191,A
model1,207,F
model1,204,E
model1,197,I
model1,198,L
model1,203,G
model1,209,A
model1,202,C
model1,187,O
model1,194,B
model1,208,F
model1,206,D
model1,201,E
model1,205,A
model1,199,K
model1,210,A
model1,207,D
model1,191,B
model1,204,G
model1,209,B
model1,203,H
model1,197,J
model1,198,Q
model1,202,A
model1,194,C
model1,208,D
model1,205,F
model1,211,A
model1,201,G
model1,206,E
model1,191,C
model1,207,E
model1,210,F
model1,204,I
model1,199,Q
model1,198,O
model1,197,K
model1,212,A
model1,209,C
model1,202,B
model1,206,G
model1,205,D
model1,194,A
model1,211,B
model1,201,I
model1,208,E
model1,204,J
model1,213,A
model1,191,A
model1,207,G
model1,210,D
model1,199,O
model1,212,F
model1,209,A
model1,202,C
model1,197,Q
model1,205,E
model1,211,C
model1,214,A
model1,208,G
model1,206,H
model1,201,J
model1,194,B
model1,204,K
model1,210,E
model1,213,B
model1,191,F
model1,207,H
model1,212,D
model1,215,A
model1,202,A
model1,209,F
model1,197,N
model1,211,A
model1,204,Q
model1,205,G
model1,201,K
model1,214,B
model1,208,I
model1,194,C
model1,216,A
model1,210,G
model1,191,D
model1,213,C
model1,202,B
model1,215,F
model1,212,E
model1,209,D
model1,211,F
model1,217,A
model1,204,O
model1,201,Q
model1,214,C
model1,208,J
model1,205,I
model1,194,A
model1,216,B
model1,202,C
model1,210,H
model1,191,E
model1,213,A
model1,212,G
model1,209,E
model1,218,A
model1,215,D
model1,211,D
model1,217,F
model1,208,K
model1,205,J
model1,214,A
model1,216,C
model1,194,F
model1,201,O
model1,202,A
model1,219,A
model1,213,F
model1,212,H
model1,209,G
model1,191,G
model1,215,E
model1,218,F
model1,208,Q
model1,205,L
model1,220,A
model1,194,D
model1,211,E
model1,217,D
model1,216,A
model1,219,F
model1,214,F
model1,213,D
model1,202,B
model1,191,H
model1,209,I
model1,215,G
model1,221,A
model1,218,D
model1,205,Q
model1,220,B
model1,208,O
model1,217,E
model1,219,D
model1,211,G
model1,194,E
model1,216,F
model1,214,D
model1,202,C
model1,222,A
model1,213,E
model1,209,J
model1,215,H
model1,218,E
model1,221,B
model1,220,C
model1,205,N
model1,217,G
model1,219,E
model1,223,A
model1,194,G
model1,211,I
model1,213,G
model1,216,D
model1,202,A
model1,214,E
model1,222,B
model1,209,K
model1,224,A
model1,218,G
model1,217,H
model1,221,C
model1,220,A
model1,219,G
model1,223,B
model1,194,H
model1,222,C
model1,213,H
model1,211,J
model1,214,G
model1,225,A
model1,216,E
model1,202,F
model1,218,H
model1,224,B
model1,209,Q
model1,221,A
model1,219,I
model1,220,B
model1,223,C
model1,226,A
model1,214,H
model1,225,B
model1,211,L
model1,216,G
model1,222,A
model1,202,D
model1,227,A
model1,209,N
model1,221,F
model1,220,C
model1,224,C
model1,219,J
model1,226,B
model1,223,A
model1,225,C
model1,211,Q
model1,216,H
model1,228,A
model1,222,F
model1,202,E
model1,221,D
model1,227,F
model1,220,A
model1,219,L
model1,224,A
model1,229,A
model1,226,C
model1,211,O
model1,225,A
model1,223,B
model1,228,F
model1,222,D
model1,202,G
model1,227,D
model1,230,A
model1,221,E
model1,220,F
model1,219,Q
model1,224,B
model1,226,A
model1,225,B
model1,229,B
model1,223,C
model1,222,E
model1,228,D
model1,231,A
model1,202,H
model1,221,G
model1,226,F
model1,230,B
model1,227,E
model1,224,C
model1,220,D
model1,219,N
model1,225,C
model1,232,A
model1,229,C
model1,223,A
model1,222,G
model1,231,F
model1,228,E
model1,221,I
model1,227,G
model1,220,E
model1,230,C
model1,233,A
model1,226,D
model1,224,A
model1,225,A
model1,229,A
model1,223,B
model1,232,F
model1,222,H
model1,234,A
model1,228,G
model1,231,D
model1,227,I
model1,224,F
model1,221,J
model1,220,G
model1,230,A
model1,232,D
model1,226,E
model1,223,C
model1,233,B
model1,225,F
model1,235,A
model1,229,F
model1,228,I
model1,234,F
model1,227,J
model1,231,E
model1,224,D
model1,220,I
model1,236,A
model1,230,B
model1,225,D
model1,221,L
model1,226,G
model1,232,E
model1,233,C
model1,223,A
model1,235,B
model1,229,D
model1,228,J
model1,227,L
model1,237,A
model1,231,G
model1,234,D
model1,236,F
model1,224,E
model1,230,C
model1,225,E
model1,220,J
model1,233,A
model1,232,G
model1,226,H
model1,221,Q
model1,235,C
model1,223,B
model1,229,E
model1,238,A
model1,228,K
model1,237,B
model1,227,Q
model1,234,E
model1,236,D
model1,224,G
model1,231,I
model1,230,A
model1,225,G
model1,239,A
model1,220,K
model1,233,F
model1,235,A
model1,229,G
model1,223,C
model1,232,H
model1,238,F
model1,228,Q
model1,221,N
model1,240,A
model1,237,C
model1,224,I
model1,227,O
model1,234,G
model1,225,I
model1,231,J
model1,230,B
model1,236,E
model1,223,A
model1,239,B
model1,220,Q
model1,233,D
model1,229,I
model1,235,B
model1,241,A
model1,238,D
model1,240,B
model1,228,N
model1,224,J
model1,225,J
model1,237,A
model1,231,K
model1,234,H
model1,236,G
model1,242,A
model1,230,C
model1,220,N
model1,233,E
model1,229,J
model1,223,B
model1,239,C
model1,235,C
model1,238,E
model1,241,F
model1,240,C
model1,225,K
model1,237,B
model1,243,A
model1,224,K
model1,242,F
model1,236,H
model1,231,Q
model1,233,G
model1,230,A
model1,239,A
model1,238,G
model1,223,C
model1,229,L
model1,244,A
model1,241,D
model1,225,Q
model1,235,A
model1,237,C
model1,240,A
model1,243,B
model1,224,Q
model1,242,D
model1,233,H
model1,231,O
model1,245,A
model1,230,B
model1,239,B
model1,244,B
model1,223,A
model1,229,Q
model1,238,I
model1,241,E
model1,237,A
model1,240,B
model1,243,C
model1,246,A
model1,225,O
model1,242,E
model1,235,B
model1,245,F
model1,224,O
model1,230,C
model1,244,C
model1,229,O
model1,247,A
model1,223,B
model1,239,C
model1,237,F
model1,238,J
model1,243,A
model1,240,C
model1,246,B
model1,241,G
model1,242,G
model1,235,C
model1,245,D
model1,248,A
model1,230,A
model1,244,A
model1,247,B
model1,223,C
model1,240,A
model1,243,B
model1,239,A
model1,238,L
model1,249,A
model1,237,D
model1,246,C
model1,245,E
model1,241,H
model1,235,A
model1,242,H
model1,230,B
model1,223,A
model1,247,C
model1,248,B
model1,244,F
model1,239,B
model1,240,F
model1,243,C
model1,238,Q
model1,237,E
model1,249,B
model1,245,G
model1,246,A
model1,230,C
model1,235,F
model1,247,A
model1,248,C
model1,223,F
model1,240,D
model1,239,C
model1,244,D
model1,243,A
model1,238,N
model1,235,D
model1,249,C
model1,237,G
model1,245,H
model1,246,B
model1,230,A
model1,248,A
model1,247,F
model1,223,D
model1,240,E
model1,239,A
model1,243,F
model1,244,E
model1,249,A
model1,235,E
model1,237,I
model1,230,B
model1,246,C
model1,247,D
model1,248,F
model1,223,E
model1,240,G
model1,239,B
model1,244,G
model1,243,D
model1,249,B
model1,235,G
model1,230,C
model1,237,J
model1,248,D
model1,247,E
model1,246,A
model1,223,G
model1,239,C
model1,240,I
model1,244,H
model1,243,E
model1,249,C
model1,230,A
model1,235,I
model1,237,K
model1,246,F
model1,248,E
model1,247,G
model1,239,A
model1,240,J
model1,223,I
model1,249,A
model1,243,G
model1,235,J
model1,237,Q
model1,247,H
model1,230,B
model1,246,D
model1,248,G
model1,239,B
model1,240,K
model1,223,J
model1,243,H
model1,249,F
model1,235,L
model1,237,N
model1,230,C
model1,248,I
model1,246,E
model1,239,C
model1,240,Q
model1,223,K
model1,235,Q
model1,249,D
model1,246,G
model1,230,A
model1,248,J
model1,239,A
model1,240,O
model1,223,Q
model1,235,N
model1,249,E
model1,246,I
model1,248,L
model1,230,F
model1,239,B
model1,223,N
model1,249,G
model1,230,D
model1,246,J
model1,248,Q
model1,239,C
model1,249,I
model1,246,L
model1,248,O
model1,230,E
model1,239,A
model1,249,J
model1,246,Q
model1,230,G
model1,239,F
model1,249,K
model1,230,I
model1,246,N
model1,239,D
model1,249,Q
model1,230,J
model1,239,E
model1,249,N
model1,230,K
model1,239,G
model1,230,Q
model1,239,H
model1,230,N
model2,250,A
model2,250,D
model2,250,F
model2,250,E
model2,251,A
model2,250,G
model2,251,D
model2,250,I
model2,251,F
model2,250,J
model2,251,E
model2,250,L
model2,251,G
model2,252,A
model2,250,Q
model2,252,B
model2,251,H
model2,250,N
model2,252,C
model2,252,A
model2,252,B
model2,253,A
model2,252,C
model2,253,D
model2,252,A
model2,253,F
model2,252,B
model2,253,E
model2,252,C
model2,254,A
model2,253,G
model2,252,A
model2,254,D
model2,253,H
model2,252,B
model2,254,F
model2,252,C
model2,254,E
model2,252,A
model2,255,A
model2,254,G
model2,252,D
model2,255,B
model2,254,H
model2,252,F
model2,255,C
model2,255,A
model2,252,E
model2,255,B
model2,252,G
model2,256,A
model2,255,C
model2,252,H
model2,256,B
model2,255,A
model2,256,C
model2,255,D
model2,256,A
model2,255,F
model2,256,B
model2,257,A
model2,255,E
model2,256,C
model2,257,D
model2,255,G
model2,256,A
model2,257,F
model2,255,I
model2,256,B
model2,257,E
model2,255,J
model2,256,C
model2,257,G
model2,258,A
model2,255,L
model2,257,H
model2,256,A
model2,258,B
model2,255,Q
model2,256,D
model2,258,C
model2,255,N
model2,256,F
model2,258,A
model2,259,A
model2,258,B
model2,256,E
model2,258,C
model2,259,D
model2,256,G
model2,258,A
model2,256,H
model2,259,F
model2,258,D
model2,259,E
model2,258,F
model2,260,A
model2,259,G
model2,260,B
model2,258,E
model2,259,I
model2,258,G
model2,260,C
model2,259,J
model2,258,I
model2,260,A
model2,259,K
model2,260,D
model2,258,J
model2,261,A
model2,259,Q
model2,258,K
model2,260,F
model2,261,D
model2,259,N
model2,258,Q
model2,260,E
model2,261,F
model2,260,G
model2,258,N
model2,261,E
model2,260,H
model2,262,A
model2,261,G
model2,261,I
model2,262,D
model2,261,J
model2,262,F
model2,262,E
model2,261,K
model2,263,A
model2,261,Q
model2,262,G
model2,263,D
model2,262,H
model2,261,O
model2,263,F
model2,263,E
model2,264,A
model2,263,G
model2,263,I
model2,264,B
model2,263,J
model2,264,C
model2,263,L
model2,264,A
model2,265,A
model2,263,Q
model2,264,B
model2,265,B
model2,263,O
model2,264,C
model2,265,C
model2,264,A
model2,264,D
model2,265,A
model2,266,A
model2,264,F
model2,265,B
model2,266,B
model2,264,E
model2,265,C
model2,266,C
model2,264,G
model2,265,A
model2,264,I
model2,266,A
model2,265,B
model2,267,A
model2,266,B
model2,264,J
model2,265,C
model2,267,D
model2,264,L
model2,266,C
model2,265,A
model2,267,F
model2,264,Q
model2,266,A
model2,265,D
model2,267,E
model2,264,N
model2,266,D
model2,265,F
model2,267,G
model2,268,A
model2,266,F
model2,265,E
model2,267,H
model2,268,B
model2,266,E
model2,265,G
model2,268,C
model2,266,G
model2,265,I
model2,268,A
model2,266,I
model2,265,J
model2,268,D
model2,269,A
model2,266,J
model2,265,K
model2,268,F
model2,269,B
model2,265,Q
model2,266,L
model2,268,E
model2,269,C
model2,265,N
model2,266,Q
model2,268,G
model2,269,A
model2,266,N
model2,268,I
model2,270,A
model2,269,B
model2,270,D
model2,268,J
model2,269,C
model2,268,L
model2,270,F
model2,269,A
model2,270,E
model2,268,Q
model2,269,B
model2,270,G
model2,271,A
model2,268,N
model2,269,C
model2,270,H
model2,271,D
model2,269,A
model2,271,F
model2,269,B
model2,271,E
model2,269,C
model2,271,G
model2,272,A
model2,269,A
model2,271,I
model2,272,B
model2,269,B
model2,272,C
model2,271,J
model2,269,C
model2,272,A
model2,271,L
model2,269,A
model2,273,A
model2,272,D
model2,271,Q
model2,269,D
model2,272,F
model2,273,B
model2,271,N
model2,269,F
model2,272,E
model2,273,C
model2,269,E
model2,273,A
model2,272,G
model2,269,G
model2,273,B
model2,272,I
model2,274,A
model2,269,H
model2,273,C
model2,272,J
model2,274,D
model2,272,K
model2,273,A
model2,274,F
model2,272,Q
model2,273,D
model2,274,E
model2,273,F
model2,272,N
model2,275,A
model2,274,G
model2,273,E
model2,275,B
model2,274,H
model2,273,G
model2,275,C
model2,273,I
model2,275,A
model2,273,J
model2,276,A
model2,275,B
model2,273,L
model2,276,D
model2,275,C
model2,273,Q
model2,276,F
model2,275,A
model2,273,O
model2,276,E
model2,275,D
model2,276,G
model2,277,A
model2,275,F
model2,277,D
model2,276,I
model2,275,E
model2,276,J
model2,277,F
model2,275,G
model2,277,E
model2,276,L
model2,275,I
model2,277,G
model2,278,A
model2,275,J
model2,276,Q
model2,277,I
model2,278,B
model2,275,K
model2,276,N
model2,277,J
model2,275,Q
model2,278,C
model2,277,L
model2,278,A
model2,275,O
model2,277,Q
model2,278,D
model2,279,A
model2,277,O
model2,278,F
model2,279,D
model2,278,E
model2,279,F
model2,278,G
model2,279,E
model2,278,I
model2,279,G
model2,280,A
model2,279,I
model2,278,J
model2,280,D
model2,278,L
model2,279,J
model2,280,F
model2,278,Q
model2,279,L
model2,280,E
model2,278,O
model2,279,Q
model2,281,A
model2,280,G
model2,279,N
model2,281,B
model2,280,I
model2,281,C
model2,280,J
model2,281,A
model2,280,L
model2,281,D
model2,282,A
model2,280,Q
model2,281,F
model2,282,B
model2,280,N
model2,281,E
model2,282,C
model2,281,G
model2,282,A
model2,281,I
model2,283,A
model2,282,B
model2,281,J
model2,283,B
model2,282,C
model2,281,K
model2,283,C
model2,282,A
model2,281,Q
model2,283,A
model2,282,B
model2,281,N
model2,284,A
model2,283,D
model2,282,C
model2,284,B
model2,283,F
model2,282,A
model2,283,E
model2,284,C
model2,282,D
model2,283,G
model2,284,A
model2,282,F
model2,285,A
model2,283,I
model2,284,D
model2,282,E
model2,285,D
model2,283,J
model2,284,F
model2,282,G
model2,285,F
model2,284,E
model2,282,I
model2,283,L
model2,285,E
model2,284,G
model2,282,J
model2,283,Q
model2,285,G
model2,286,A
model2,282,K
model2,284,I
model2,283,N
model2,285,I
model2,286,B
model2,282,Q
model2,284,J
model2,285,J
model2,286,C
model2,282,O
model2,284,L
model2,285,K
model2,286,A
model2,284,Q
model2,285,Q
model2,287,A
model2,286,D
model2,284,O
model2,285,N
model2,286,F
model2,287,B
model2,287,C
model2,286,E
model2,287,A
model2,286,G
model2,287,D
model2,288,A
model2,286,I
model2,287,F
model2,288,B
model2,286,J
model2,287,E
model2,288,C
model2,286,L
model2,287,G
model2,288,A
model2,286,Q
model2,287,I
model2,289,A
model2,288,D
model2,286,N
model2,287,J
model2,288,F
model2,289,B
model2,287,L
model2,289,C
model2,288,E
model2,287,Q
model2,288,G
model2,289,A
model2,287,N
model2,288,I
model2,290,A
model2,289,D
model2,288,J
model2,289,F
model2,290,D
model2,288,L
model2,289,E
model2,290,F
model2,288,Q
model2,290,E
model2,289,G
model2,291,A
model2,290,G
model2,288,N
model2,289,H
model2,291,D
model2,290,H
model2,291,F
model2,291,E
model2,292,A
model2,291,G
model2,292,D
model2,291,I
model2,291,J
model2,292,F
model2,291,K
model2,292,E
model2,293,A
model2,291,Q
model2,292,G
model2,291,O
model2,293,D
model2,292,H
model2,293,F
model2,293,E
model2,293,G
model2,294,A
model2,293,H
model2,294,B
model2,294,C
model2,294,A
model2,294,D
model2,295,A
model2,294,F
model2,295,D
model2,294,E
model2,295,F
model2,294,G
model2,295,E
model2,294,H
model2,296,A
model2,295,G
model2,296,D
model2,295,I
model2,296,F
model2,295,J
model2,296,E
model2,295,L
model2,296,G
model2,297,A
model2,295,Q
model2,296,H
model2,297,D
model2,295,N
model2,297,F
model2,297,E
model2,297,G
model2,298,A
model2,297,I
model2,298,B
model2,297,J
model2,298,C
model2,297,L
model2,298,A
model2,297,Q
model2,298,D
model2,299,A
model2,297,O
model2,298,F
model2,299,B
model2,298,E
model2,299,C
model2,299,A
model2,298,G
model2,299,B
model2,298,I
model2,300,A
model2,299,C
model2,298,J
model2,300,B
model2,299,A
model2,298,K
model2,300,C
model2,298,Q
model2,299,B
model2,300,A
model2,298,O
model2,299,C
model2,301,A
model2,300,B
model2,299,A
model2,301,B
model2,300,C
model2,299,D
model2,301,C
model2,300,A
model2,299,F
model2,301,A
model2,300,D
model2,299,E
model2,301,B
model2,302,A
model2,300,F
model2,299,G
model2,302,B
model2,301,C
model2,300,E
model2,299,I
model2,302,C
model2,301,A
model2,300,G
model2,299,J
model2,302,A
model2,301,B
model2,300,H
model2,299,L
model2,301,C
model2,302,B
model2,303,A
model2,299,Q
model2,301,A
model2,302,C
model2,299,O
model2,303,D
model2,302,A
model2,301,D
model2,303,F
model2,302,B
model2,301,F
model2,303,E
model2,302,C
model2,303,G
model2,304,A
model2,301,E
model2,302,A
model2,303,I
model2,304,B
model2,301,G
model2,302,B
model2,304,C
model2,303,J
model2,301,H
model2,302,C
model2,304,A
model2,303,L
model2,302,A
model2,303,Q
model2,304,D
model2,305,A
model2,302,D
model2,303,N
model2,304,F
model2,305,B
model2,302,F
model2,305,C
model2,304,E
model2,302,E
model2,305,A
model2,304,G
model2,302,G
model2,306,A
model2,305,B
model2,304,H
model2,302,H
model2,306,B
model2,305,C
model2,306,C
model2,305,A
model2,306,A
model2,305,B
model2,306,D
model2,307,A
model2,305,C
model2,306,F
model2,307,D
model2,305,A
model2,306,E
model2,307,F
model2,305,B
model2,306,G
model2,307,E
model2,305,C
model2,306,I
model2,307,G
model2,308,A
model2,305,A
model2,306,J
model2,307,I
model2,308,B
model2,305,D
model2,306,K
model2,307,J
model2,308,C
model2,305,F
model2,306,Q
model2,308,A
model2,307,L
model2,305,E
model2,306,O
model2,309,A
model2,308,B
model2,307,Q
model2,305,G
model2,309,D
model2,307,O
model2,308,C
model2,305,H
model2,309,F
model2,308,A
model2,308,D
model2,309,E
model2,310,A
model2,308,F
model2,309,G
model2,310,B
model2,308,E
model2,309,I
model2,310,C
model2,308,G
model2,309,J
model2,310,A
model2,308,H
model2,309,K
model2,310,D
model2,311,A
model2,309,Q
model2,310,F
model2,311,B
model2,309,N
model2,311,C
model2,310,E
model2,311,A
model2,310,G
model2,310,I
model2,311,B
model2,312,A
model2,310,J
model2,311,C
model2,312,D
model2,310,L
model2,311,A
model2,312,F
model2,310,Q
model2,311,B
model2,312,E
model2,311,C
model2,310,N
model2,313,A
model2,312,G
model2,311,A
model2,313,B
model2,312,I
model2,312,J
model2,311,B
model2,313,C
model2,313,A
model2,311,C
model2,312,K
model2,312,Q
model2,313,B
model2,311,A
model2,314,A
model2,312,N
model2,313,C
model2,311,D
model2,314,D
model2,313,A
model2,311,F
model2,314,F
model2,313,D
model2,311,E
model2,314,E
model2,313,F
model2,314,G
model2,315,A
model2,311,G
model2,313,E
model2,314,H
model2,311,I
model2,315,B
model2,313,G
model2,311,J
model2,315,C
model2,313,I
model2,315,A
model2,311,K
model2,313,J
model2,316,A
model2,311,Q
model2,315,D
model2,313,K
model2,316,B
model2,315,F
model2,311,O
model2,313,Q
model2,316,C
model2,315,E
model2,313,O
model2,315,G
model2,316,A
model2,317,A
model2,316,D
model2,315,H
model2,317,D
model2,316,F
model2,317,F
model2,316,E
model2,317,E
model2,316,G
model2,317,G
model2,318,A
model2,316,H
model2,317,H
model2,318,B
model2,318,C
model2,318,A
model2,319,A
model2,318,B
model2,319,D
model2,318,C
model2,319,F
model2,318,A
model2,319,E
model2,318,D
model2,319,G
model2,320,A
model2,318,F
model2,319,I
model2,320,B
model2,318,E
model2,320,C
model2,319,J
model2,318,G
model2,320,A
model2,319,L
model2,318,H
model2,319,Q
model2,320,D
model2,321,A
model2,319,N
model2,320,F
model2,321,B
model2,320,E
model2,321,C
model2,320,G
model2,321,A
model2,322,A
model2,320,I
model2,321,B
model2,320,J
model2,321,C
model2,322,B
model2,320,L
model2,322,C
model2,321,A
model2,322,A
model2,320,Q
model2,321,D
model2,320,O
model2,323,A
model2,322,D
model2,321,F
model2,321,E
model2,322,F
model2,323,D
model2,321,G
model2,323,F
model2,322,E
model2,321,I
model2,322,G
model2,323,E
model2,321,J
model2,324,A
model2,322,H
model2,323,G
model2,321,K
model2,324,D
model2,323,I
model2,321,Q
model2,323,J
model2,324,F
model2,321,O
model2,323,L
model2,324,E
model2,325,A
model2,323,Q
model2,324,G
model2,325,D
model2,323,O
model2,324,H
model2,325,F
model2,325,E
model2,326,A
model2,325,G
model2,326,B
model2,325,H
model2,326,C
model2,326,A
model2,327,A
model2,326,B
model2,327,D
model2,326,C
model2,327,F
model2,326,A
model2,327,E
model2,326,B
model2,327,G
model2,326,C
model2,328,A
model2,327,H
model2,326,A
model2,328,D
model2,326,D
model2,328,F
model2,326,F
model2,328,E
model2,326,E
model2,329,A
model2,328,G
model2,326,G
model2,329,B
model2,328,I
model2,329,C
model2,326,I
model2,328,J
model2,326,J
model2,329,A
model2,328,K
model2,326,L
model2,329,D
model2,330,A
model2,328,Q
model2,326,Q
model2,329,F
model2,330,D
model2,328,N
model2,329,E
model2,326,O
model2,330,F
model2,329,G
model2,330,E
model2,329,I
model2,330,G
model2,331,A
model2,329,J
model2,330,H
model2,331,D
model2,329,L
model2,331,F
model2,329,Q
model2,331,E
model2,329,O
model2,331,G
model2,332,A
model2,332,D
model2,331,I
model2,332,F
model2,331,J
model2,331,L
model2,332,E
model2,331,Q
model2,333,A
model2,332,G
model2,331,O
model2,333,D
model2,332,H
model2,333,F
model2,333,E
model2,334,A
model2,333,G
model2,334,D
model2,333,H
model2,334,F
model2,334,E
model2,334,G
model2,335,A
model2,334,H
model2,335,D
model2,335,F
model2,335,E
model2,336,A
model2,335,G
model2,335,I
model2,336,B
model2,336,C
model2,335,J
model2,335,L
model2,336,A
model2,336,D
model2,335,Q
model2,337,A
model2,335,O
model2,336,F
model2,337,B
model2,336,E
model2,337,C
model2,336,G
model2,337,A
model2,336,I
model2,337,B
model2,338,A
model2,336,J
model2,337,C
model2,338,B
model2,336,K
model2,337,A
model2,338,C
model2,336,Q
model2,337,B
model2,338,A
model2,336,N
model2,337,C
model2,339,A
model2,338,B
model2,337,A
model2,338,C
model2,339,B
model2,337,D
model2,338,A
model2,339,C
model2,337,F
model2,338,B
model2,339,A
model2,337,E
model2,338,C
model2,340,A
model2,337,G
model2,339,B
model2,338,A
model2,340,B
model2,337,H
model2,339,C
model2,338,B
model2,340,C
model2,339,A
model2,338,C
model2,340,A
model2,339,B
model2,338,A
model2,341,A
model2,340,B
model2,338,B
model2,339,C
model2,341,B
model2,340,C
model2,338,C
model2,339,A
model2,341,C
model2,340,A
model2,338,A
model2,339,B
model2,341,A
model2,339,C
model2,338,B
model2,340,B
model2,342,A
model2,341,D
model2,338,C
model2,339,A
model2,340,C
model2,341,F
model2,342,B
model2,338,A
model2,339,D
model2,340,A
model2,342,C
model2,341,E
model2,338,B
model2,339,F
model2,340,B
model2,341,G
model2,342,A
model2,338,C
model2,339,E
model2,340,C
model2,342,D
model2,343,A
model2,341,H
model2,339,G
model2,338,A
model2,343,B
model2,342,F
model2,340,A
model2,339,I
model2,343,C
model2,342,E
model2,340,D
model2,338,D
model2,339,J
model2,343,A
model2,342,G
model2,340,F
model2,338,F
model2,339,K
model2,342,I
model2,343,D
model2,344,A
model2,340,E
model2,338,E
model2,339,Q
model2,342,J
model2,343,F
model2,344,B
model2,340,G
model2,338,G
model2,339,O
model2,343,E
model2,342,L
model2,344,C
model2,340,I
model2,338,H
model2,344,A
model2,343,G
model2,342,Q
model2,340,J
model2,344,D
model2,342,O
model2,343,H
model2,345,A
model2,340,L
model2,344,F
model2,345,D
model2,340,Q
model2,344,E
model2,345,F
model2,340,N
model2,344,G
model2,345,E
model2,344,I
model2,345,G
model2,346,A
model2,344,J
model2,345,H
model2,346,B
model2,344,L
model2,346,C
model2,344,Q
model2,346,A
model2,344,N
model2,347,A
model2,346,B
model2,347,B
model2,346,C
model2,347,C
model2,346,A
model2,347,A
model2,346,B
model2,348,A
model2,347,D
model2,346,C
model2,348,B
model2,347,F
model2,346,A
model2,348,C
model2,347,E
model2,346,D
model2,348,A
model2,347,G
model2,346,F
model2,349,A
model2,348,B
model2,347,H
model2,346,E
model2,349,B
model2,348,C
model2,346,G
model2,349,C
model2,348,A
model2,346,I
model2,349,A
model2,348,D
model2,346,J
model2,349,B
model2,350,A
model2,346,K
model2,348,F
model2,349,C
model2,350,D
model2,346,Q
model2,348,E
model2,349,A
model2,350,F
model2,348,G
model2,346,O
model2,349,D
model2,348,I
model2,350,E
model2,349,F
model2,348,J
model2,351,A
model2,350,G
model2,349,E
model2,348,K
model2,351,B
model2,350,I
model2,349,G
model2,348,Q
model2,351,C
model2,350,J
model2,349,I
model2,348,N
model2,351,A
model2,350,K
model2,349,J
model2,351,D
model2,352,A
model2,350,Q
model2,349,L
model2,351,F
model2,352,D
model2,350,O
model2,349,Q
model2,351,E
model2,352,F
model2,349,O
model2,351,G
model2,352,E
model2,351,I
model2,353,A
model2,352,G
model2,351,J
model2,352,I
model2,353,D
model2,351,K
model2,352,J
model2,353,F
model2,351,Q
model2,352,K
model2,353,E
model2,352,Q
model2,354,A
model2,351,N
model2,353,G
model2,352,N
model2,354,D
model2,353,H
model2,354,F
model2,354,E
model2,355,A
model2,354,G
model2,355,B
model2,354,H
model2,355,C
model2,355,A
model2,355,D
model2,356,A
model2,355,F
model2,356,B
model2,355,E
model2,356,C
model2,355,G
model2,356,A
model2,355,H
model2,357,A
model2,356,B
model2,356,C
model2,357,D
model2,356,A
model2,357,F
model2,356,B
model2,357,E
model2,356,C
model2,358,A
model2,357,G
model2,356,A
model2,358,B
model2,357,H
model2,356,D
model2,358,C
model2,356,F
model2,358,A
model2,356,E
model2,358,D
model2,359,A
model2,356,G
model2,358,F
model2,359,D
model2,356,H
model2,358,E
model2,359,F
model2,358,G
model2,359,E
model2,358,I
model2,360,A
model2,359,G
model2,358,J
model2,359,I
model2,360,B
model2,358,K
model2,360,C
model2,359,J
model2,358,Q
model2,360,A
model2,359,L
model2,358,O
model2,361,A
model2,359,Q
model2,360,D
model2,359,N
model2,361,B
model2,360,F
model2,360,E
model2,361,C
model2,360,G
model2,361,A
model2,360,H
model2,362,A
model2,361,D
model2,362,D
model2,361,F
model2,362,F
model2,361,E
model2,362,E
model2,361,G
model2,362,G
model2,363,A
model2,361,H
model2,363,D
model2,362,I
model2,363,F
model2,362,J
model2,363,E
model2,362,K
model2,362,Q
model2,363,G
model2,364,A
model2,362,O
model2,364,B
model2,363,H
model2,364,C
model2,364,A
model2,365,A
model2,364,D
model2,365,D
model2,364,F
model2,364,E
model2,365,F
model2,364,G
model2,365,E
model2,366,A
model2,364,H
model2,365,G
model2,366,D
model2,365,H
model2,366,F
model2,366,E
model2,367,A
model2,366,G
model2,367,B
model2,366,H
model2,367,C
model2,367,A
model2,367,B
model2,368,A
model2,367,C
model2,368,D
model2,367,A
model2,368,F
model2,368,E
model2,367,D
model2,368,G
model2,369,A
model2,367,F
model2,368,I
model2,367,E
model2,369,D
model2,368,J
model2,367,G
model2,369,F
model2,368,L
model2,367,I
model2,369,E
model2,368,Q
model2,367,J
model2,370,A
model2,369,G
model2,370,D
model2,368,N
model2,367,L
model2,370,F
model2,369,I
model2,367,Q
model2,369,J
model2,370,E
model2,367,N
model2,369,L
model2,370,G
model2,371,A
model2,369,Q
model2,370,I
model2,371,B
model2,369,O
model2,370,J
model2,371,C
model2,370,K
model2,371,A
model2,370,Q
model2,372,A
model2,371,B
model2,372,D
model2,370,N
model2,371,C
model2,372,F
model2,371,A
model2,372,E
model2,371,D
model2,372,G
model2,373,A
model2,371,F
model2,372,I
model2,373,D
model2,371,E
model2,372,J
model2,373,F
model2,371,G
model2,372,L
model2,373,E
model2,371,I
model2,372,Q
model2,373,G
model2,374,A
model2,371,J
model2,372,O
model2,373,I
model2,374,B
model2,371,K
model2,373,J
model2,374,C
model2,373,K
model2,371,Q
model2,374,A
model2,371,N
model2,373,Q
model2,374,B
model2,375,A
model2,373,N
model2,374,C
model2,375,B
model2,374,A
model2,375,C
model2,374,D
model2,375,A
model2,374,F
model2,376,A
model2,375,D
model2,374,E
model2,376,D
model2,375,F
model2,374,G
model2,376,F
model2,375,E
model2,374,H
model2,376,E
model2,375,G
model2,376,G
model2,377,A
model2,375,H
model2,376,H
model2,377,B
model2,377,C
model2,377,A
model2,377,D
model2,378,A
model2,377,F
model2,378,D
model2,378,F
model2,377,E
model2,378,E
model2,377,G
model2,379,A
model2,378,G
model2,377,I
model2,379,B
model2,378,H
model2,377,J
model2,379,C
model2,377,L
model2,379,A
model2,377,Q
model2,379,B
model2,380,A
model2,377,N
model2,379,C
model2,380,D
model2,379,A
model2,380,F
model2,379,D
model2,380,E
model2,379,F
model2,381,A
model2,380,G
model2,379,E
model2,381,D
model2,380,H
model2,379,G
model2,381,F
model2,379,H
model2,381,E
model2,382,A
model2,381,G
model2,382,B
model2,381,I
model2,382,C
model2,381,J
model2,382,A
model2,381,K
model2,383,A
model2,382,B
model2,381,Q
model2,382,C
model2,383,D
model2,381,O
model2,383,F
model2,382,A
model2,382,D
model2,383,E
model2,383,G
model2,384,A
model2,382,F
model2,383,H
model2,384,B
model2,382,E
model2,382,G
model2,384,C
model2,382,H
model2,384,A
model2,385,A
model2,384,D
model2,385,B
model2,384,F
model2,385,C
model2,384,E
model2,384,G
model2,385,A
model2,385,D
model2,384,H
model2,386,A
model2,385,F
model2,386,B
model2,385,E
model2,386,C
model2,385,G
model2,386,A
model2,385,H
model2,387,A
model2,386,D
model2,387,B
model2,386,F
model2,387,C
model2,386,E
model2,387,A
model2,386,G
model2,388,A
model2,387,B
model2,386,I
model2,388,B
model2,387,C
model2,386,J
model2,388,C
model2,387,A
model2,386,L
model2,387,D
model2,388,A
model2,386,Q
model2,387,F
model2,389,A
model2,388,D
model2,386,O
model2,387,E
model2,388,F
model2,389,D
model2,387,G
model2,388,E
model2,389,F
model2,387,I
model2,388,G
model2,389,E
model2,387,J
model2,388,H
model2,390,A
model2,389,G
model2,387,K
model2,390,D
model2,389,H
model2,387,Q
model2,390,F
model2,387,O
model2,390,E
model2,391,A
model2,390,G
model2,391,B
model2,390,I
model2,391,C
model2,390,J
model2,391,A
model2,390,L
model2,391,B
model2,392,A
model2,390,Q
model2,392,D
model2,391,C
model2,390,O
model2,391,A
model2,392,F
model2,391,B
model2,392,E
model2,391,C
model2,392,G
model2,393,A
model2,391,A
model2,392,H
model2,393,D
model2,391,B
model2,393,F
model2,391,C
model2,393,E
model2,391,A
model2,394,A
model2,393,G
model2,391,D
model2,394,B
model2,393,H
model2,391,F
model2,394,C
model2,391,E
model2,394,A
model2,391,G
model2,394,B
model2,395,A
model2,391,H
model2,394,C
model2,395,D
model2,394,A
model2,395,F
model2,394,B
model2,395,E
model2,394,C
model2,396,A
model2,395,G
model2,394,A
model2,395,I
model2,396,D
model2,394,B
model2,395,J
model2,396,F
model2,394,C
model2,395,L
model2,396,E
model2,394,A
model2,397,A
model2,396,G
model2,395,Q
model2,397,B
model2,394,B
model2,396,I
model2,395,O
model2,397,C
model2,394,C
model2,396,J
model2,397,A
model2,394,A
model2,396,K
model2,397,B
model2,398,A
model2,394,B
model2,396,Q
model2,397,C
model2,398,D
model2,394,C
model2,396,N
model2,397,A
model2,398,F
model2,394,A
model2,397,B
model2,398,E
model2,394,D
model2,397,C
model2,398,G
model2,399,A
model2,394,F
model2,397,A
model2,399,B
model2,394,E
model2,398,H
model2,397,B
model2,399,C
model2,394,G
model2,397,C
model2,399,A
model2,394,H
model2,397,A
model2,400,A
model2,399,D
model2,397,D
model2,400,B
model2,399,F
model2,397,F
model2,400,C
model2,399,E
model2,397,E
model2,399,G
model2,400,A
model2,397,G
model2,401,A
model2,400,D
model2,399,H
model2,397,H
model2,401,B
model2,400,F
model2,401,C
model2,400,E
model2,401,A
model2,400,G
model2,402,A
model2,401,B
model2,400,H
model2,401,C
model2,402,D
model2,401,A
model2,402,F
model2,401,D
model2,402,E
model2,401,F
model2,403,A
model2,402,G
model2,401,E
model2,403,B
model2,402,I
model2,401,G
model2,403,C
model2,402,J
model2,401,H
model2,403,A
model2,402,L
model2,403,B
model2,404,A
model2,402,Q
model2,403,C
model2,404,B
model2,402,O
model2,403,A
model2,404,C
model2,403,B
model2,404,A
model2,403,C
model2,404,B
model2,405,A
model2,403,A
model2,404,C
model2,405,B
model2,403,D
model2,404,A
model2,405,C
model2,403,F
model2,404,D
model2,405,A
model2,406,A
model2,403,E
model2,404,F
model2,405,B
model2,406,D
model2,403,G
model2,404,E
model2,405,C
model2,403,H
model2,405,A
model2,406,F
model2,404,G
model2,405,D
model2,406,E
model2,404,H
model2,405,F
model2,407,A
model2,406,G
model2,405,E
model2,407,D
model2,406,H
model2,405,G
model2,407,F
model2,405,I
model2,407,E
model2,405,J
model2,408,A
model2,407,G
model2,405,K
model2,408,D
model2,407,H
model2,405,Q
model2,408,F
model2,405,O
model2,408,E
model2,408,G
model2,409,A
model2,409,B
model2,408,H
model2,409,C
model2,409,A
model2,410,A
model2,409,D
model2,410,D
model2,409,F
model2,410,F
model2,409,E
model2,410,E
model2,409,G
model2,410,G
model2,411,A
model2,409,H
model2,410,H
model2,411,D
model2,411,F
model2,411,E
model2,411,G
model2,412,A
model2,412,B
model2,411,H
model2,412,C
model2,412,A
model2,413,A
model2,412,D
model2,413,D
model2,412,F
model2,413,F
model2,412,E
model2,413,E
model2,412,G
model2,414,A
model2,413,G
model2,412,I
model2,414,D
model2,413,H
model2,412,J
model2,414,F
model2,412,K
model2,414,E
model2,412,Q
model2,415,A
model2,414,G
model2,412,O
model2,414,I
model2,415,B
model2,414,J
model2,415,C
model2,414,K
model2,415,A
model2,414,Q
model2,416,A
model2,415,B
model2,414,N
model2,415,C
model2,416,B
model2,415,A
model2,416,C
model2,416,A
model2,415,B
model2,417,A
model2,416,B
model2,415,C
model2,416,C
model2,417,B
model2,415,A
model2,416,A
model2,417,C
model2,415,B
model2,416,D
model2,417,A
model2,415,C
model2,416,F
model2,418,A
model2,417,D
model2,415,A
model2,416,E
model2,418,D
model2,417,F
model2,415,D
model2,416,G
model2,418,F
model2,417,E
model2,415,F
model2,416,I
model2,418,E
model2,417,G
model2,416,J
model2,415,E
model2,419,A
model2,417,H
model2,418,G
model2,416,L
model2,418,I
model2,415,G
model2,419,D
model2,416,Q
model2,418,J
model2,415,H
model2,419,F
model2,416,N
model2,418,K
model2,419,E
model2,418,Q
model2,420,A
model2,419,G
model2,420,B
model2,418,O
model2,419,I
model2,420,C
model2,419,J
model2,420,A
model2,419,K
model2,421,A
model2,419,Q
model2,420,B
model2,421,D
model2,419,O
model2,420,C
model2,421,F
model2,420,A
model2,421,E
model2,420,D
model2,422,A
model2,421,G
model2,420,F
model2,422,D
model2,421,H
model2,420,E
model2,422,F
model2,420,G
model2,422,E
model2,420,H
model2,423,A
model2,422,G
model2,422,I
model2,423,B
model2,422,J
model2,423,C
model2,423,A
model2,422,K
model2,424,A
model2,422,Q
model2,423,B
model2,422,N
model2,424,B
model2,423,C
model2,424,C
model2,423,A
model2,424,A
model2,423,B
model2,425,A
model2,424,D
model2,423,C
model2,425,D
model2,424,F
model2,423,A
model2,425,F
model2,423,B
model2,424,E
model2,425,E
model2,424,G
model2,423,C
model2,425,G
model2,426,A
model2,423,A
model2,425,H
model2,424,H
model2,426,B
model2,423,D
model2,426,C
model2,423,F
model2,426,A
model2,423,E
model2,426,B
model2,427,A
model2,423,G
model2,426,C
model2,427,D
model2,423,H
model2,427,F
model2,426,A
model2,426,B
model2,427,E
model2,426,C
model2,427,G
model2,428,A
model2,426,A
model2,427,I
model2,428,D
model2,426,B
model2,427,J
model2,428,F
model2,426,C
model2,427,L
model2,428,E
model2,426,A
model2,427,Q
model2,429,A
model2,428,G
model2,426,D
model2,427,N
model2,429,D
model2,428,I
model2,426,F
model2,429,F
model2,428,J
model2,426,E
model2,429,E
model2,428,L
model2,426,G
model2,430,A
model2,428,Q
model2,429,G
model2,426,I
model2,428,N
model2,430,B
model2,429,H
model2,426,J
model2,430,C
model2,426,L
model2,430,A
model2,426,Q
model2,431,A
model2,430,B
model2,426,O
model2,431,B
model2,430,C
model2,431,C
model2,430,A
model2,431,A
model2,430,B
model2,431,B
model2,432,A
model2,430,C
model2,431,C
model2,432,B
model2,430,A
model2,431,A
model2,432,C
model2,430,D
model2,431,B
model2,432,A
model2,431,C
model2,430,F
model2,432,D
model2,433,A
model2,431,A
model2,430,E
model2,432,F
model2,433,B
model2,431,B
model2,430,G
model2,432,E
model2,433,C
model2,431,C
model2,430,I
model2,432,G
model2,431,A
model2,433,A
model2,430,J
model2,432,H
model2,434,A
model2,430,K
model2,433,D
model2,431,B
model2,434,B
model2,430,Q
model2,433,F
model2,431,C
model2,434,C
model2,433,E
model2,430,O
model2,431,A
model2,434,A
model2,433,G
model2,431,D
model2,434,B
model2,435,A
model2,433,H
model2,431,F
model2,434,C
model2,435,B
model2,431,E
model2,434,A
model2,435,C
model2,431,G
model2,434,D
model2,431,I
model2,435,A
model2,434,F
model2,436,A
model2,431,J
model2,435,D
model2,434,E
model2,436,B
model2,431,K
model2,435,F
model2,434,G
model2,436,C
model2,431,Q
model2,435,E
model2,434,H
model2,435,G
model2,431,N
model2,436,A
model2,435,I
model2,437,A
model2,436,B
model2,435,J
model2,437,D
model2,436,C
model2,435,K
model2,437,F
model2,436,A
model2,435,Q
model2,437,E
model2,436,D
model2,435,O
model2,437,G
model2,438,A
model2,436,F
model2,438,D
model2,437,I
model2,436,E
model2,438,F
model2,437,J
model2,436,G
model2,438,E
model2,437,L
model2,436,I
model2,438,G
model2,437,Q
model2,439,A
model2,436,J
model2,438,H
model2,439,D
model2,437,N
model2,436,K
model2,439,F
model2,436,Q
model2,439,E
model2,436,O
model2,440,A
model2,439,G
model2,440,D
model2,439,I
model2,440,F
model2,439,J
model2,440,E
model2,439,K
model2,441,A
model2,440,G
model2,439,Q
model2,440,I
model2,441,D
model2,439,N
model2,440,J
model2,441,F
model2,440,K
model2,441,E
model2,441,G
model2,442,A
model2,440,Q
model2,441,H
model2,440,N
model2,442,D
model2,442,F
model2,442,E
model2,442,G
model2,443,A
model2,442,I
model2,443,B
model2,443,C
model2,442,J
model2,443,A
model2,442,K
model2,443,B
model2,442,Q
model2,444,A
model2,443,C
model2,442,N
model2,444,D
model2,443,A
model2,444,F
model2,443,D
model2,444,E
model2,443,F
model2,444,G
model2,445,A
model2,443,E
model2,444,I
model2,445,D
model2,443,G
model2,444,J
model2,445,F
model2,443,H
model2,444,L
model2,445,E
model2,444,Q
model2,446,A
model2,445,G
model2,444,O
model2,446,D
model2,445,I
model2,446,F
model2,445,J
model2,446,E
model2,445,L
model2,446,G
model2,447,A
model2,445,Q
model2,447,B
model2,446,H
model2,445,N
model2,447,C
model2,447,A
model2,447,D
model2,448,A
model2,447,F
model2,448,B
model2,447,E
model2,448,C
model2,447,G
model2,448,A
model2,449,A
model2,447,H
model2,448,B
model2,449,D
model2,448,C
model2,449,F
model2,448,A
model2,449,E
model2,448,B
model2,448,C
model2,450,A
model2,449,G
model2,448,A
model2,450,B
model2,449,I
model2,448,D
model2,450,C
model2,449,J
model2,448,F
model2,450,A
model2,449,K
model2,448,E
model2,450,B
model2,451,A
model2,448,G
model2,449,Q
model2,450,C
model2,451,D
model2,449,O
model2,448,H
model2,450,A
model2,451,F
model2,450,B
model2,451,E
model2,450,C
model2,452,A
model2,451,G
model2,450,A
model2,452,B
model2,451,H
model2,450,D
model2,452,C
model2,450,F
model2,452,A
model2,450,E
model2,453,A
model2,452,D
model2,450,G
model2,452,F
model2,453,B
model2,453,C
model2,452,E
model2,450,I
model2,453,A
model2,450,J
model2,452,G
model2,452,H
model2,453,D
model2,454,A
model2,450,L
model2,453,F
model2,450,Q
model2,454,B
model2,453,E
model2,450,O
model2,454,C
model2,453,G
model2,454,A
model2,453,H
model2,455,A
model2,454,D
model2,454,F
model2,455,D
model2,455,F
model2,454,E
model2,455,E
model2,454,G
model2,455,G
model2,456,A
model2,454,I
model2,455,H
model2,456,B
model2,454,J
model2,456,C
model2,454,K
model2,456,A
model2,454,Q
model2,456,B
model2,457,A
model2,454,N
model2,456,C
model2,457,B
model2,456,A
model2,457,C
model2,456,D
model2,457,A
model2,456,F
model2,457,D
model2,458,A
model2,456,E
model2,457,F
model2,458,B
model2,456,G
model2,458,C
model2,457,E
model2,456,H
model2,458,A
model2,457,G
model2,459,A
model2,458,B
model2,457,I
model2,459,B
model2,458,C
model2,457,J
model2,459,C
model2,458,A
model2,457,K
model2,459,A
model2,458,D
model2,457,Q
model2,459,D
model2,460,A
model2,458,F
model2,457,O
model2,459,F
model2,460,B
model2,458,E
model2,459,E
model2,458,G
model2,460,C
model2,460,A
model2,459,G
model2,458,I
model2,461,A
model2,459,I
model2,460,B
model2,458,J
model2,459,J
model2,460,C
model2,461,D
model2,458,K
model2,461,F
model2,459,K
model2,460,A
model2,458,Q
model2,461,E
model2,460,B
model2,459,Q
model2,458,N
model2,462,A
model2,460,C
model2,461,G
model2,459,O
model2,461,I
model2,462,D
model2,460,A
model2,462,F
model2,461,J
model2,460,B
model2,462,E
model2,460,C
model2,461,L
model2,462,G
model2,463,A
model2,460,A
model2,461,Q
model2,462,I
model2,463,D
model2,460,D
model2,461,O
model2,462,J
model2,463,F
model2,460,F
model2,462,L
model2,463,E
model2,460,E
model2,463,G
model2,462,Q
model2,464,A
model2,460,G
model2,463,H
model2,464,D
model2,462,O
model2,460,H
model2,464,F
model2,464,E
model2,465,A
model2,464,G
model2,464,I
model2,465,B
model2,464,J
model2,465,C
model2,464,K
model2,465,A
model2,464,Q
model2,466,A
model2,465,D
model2,464,N
model2,466,B
model2,465,F
model2,466,C
model2,465,E
model2,466,A
model2,465,G
model2,467,A
model2,466,B
model2,465,I
model2,466,C
model2,467,D
model2,465,J
model2,467,F
model2,466,A
model2,465,K
model2,467,E
model2,466,D
model2,465,Q
model2,468,A
model2,467,G
model2,466,F
model2,465,O
model2,466,E
model2,467,H
model2,468,B
model2,466,G
model2,468,C
model2,468,A
model2,466,I
model2,469,A
model2,468,B
model2,466,J
model2,468,C
model2,469,D
model2,466,K
model2,468,A
model2,469,F
model2,466,Q
model2,469,E
model2,468,B
model2,466,N
model2,469,G
model2,468,C
model2,470,A
model2,470,B
model2,468,A
model2,469,I
model2,470,C
model2,468,B
model2,469,J
model2,468,C
model2,470,A
model2,469,L
model2,471,A
model2,468,A
model2,470,B
model2,469,Q
model2,471,B
model2,468,B
model2,470,C
model2,469,O
model2,471,C
model2,468,C
model2,470,A
model2,471,A
model2,468,A
model2,470,D
model2,472,A
model2,471,D
model2,468,B
model2,470,F
model2,468,C
model2,472,B
model2,471,F
model2,470,E
model2,468,A
model2,472,C
model2,470,G
model2,471,E
model2,472,A
model2,468,D
model2,471,G
model2,470,H
model2,473,A
model2,468,F
model2,472,D
model2,471,H
model2,473,D
model2,472,F
model2,468,E
model2,472,E
model2,473,F
model2,468,G
model2,472,G
model2,473,E
model2,468,H
model2,474,A
model2,472,I
model2,473,G
model2,472,J
model2,473,H
model2,474,B
model2,472,K
model2,474,C
model2,472,Q
model2,474,A
model2,472,N
model2,475,A
model2,474,B
model2,475,D
model2,474,C
model2,475,F
model2,474,A
model2,475,E
model2,474,B
model2,475,G
model2,476,A
model2,474,C
model2,475,H
model2,476,B
model2,474,A
model2,476,C
model2,474,D
model2,476,A
model2,474,F
model2,476,D
model2,477,A
model2,474,E
model2,477,D
model2,476,F
model2,474,G
model2,476,E
model2,477,F
model2,474,H
model2,477,E
model2,476,G
model2,477,G
model2,478,A
model2,476,I
model2,477,H
model2,478,D
model2,476,J
model2,478,F
model2,476,K
model2,478,E
model2,476,Q
model2,479,A
model2,478,G
model2,476,O
model2,479,D
model2,478,H
model2,479,F
model2,479,E
model2,479,G
model2,480,A
model2,479,I
model2,480,B
model2,479,J
model2,480,C
model2,480,A
model2,479,K
model2,479,Q
model2,480,B
model2,481,A
model2,479,O
model2,480,C
model2,481,B
model2,480,A
model2,481,C
model2,480,D
model2,481,A
model2,480,F
model2,482,A
model2,481,D
model2,480,E
model2,482,D
model2,481,F
model2,480,G
model2,482,F
model2,481,E
model2,480,I
model2,482,E
model2,481,G
model2,480,J
model2,482,G
model2,483,A
model2,481,I
model2,480,L
model2,482,H
model2,483,D
model2,481,J
model2,480,Q
model2,483,F
model2,481,K
model2,480,O
model2,483,E
model2,481,Q
model2,483,G
model2,484,A
model2,481,O
model2,483,I
model2,484,B
model2,483,J
model2,484,C
model2,483,L
model2,484,A
model2,483,Q
model2,485,A
model2,484,B
model2,483,O
model2,485,D
model2,484,C
model2,485,F
model2,484,A
model2,485,E
model2,484,B
model2,486,A
model2,485,G
model2,484,C
model2,486,D
model2,485,H
model2,484,A
model2,486,F
model2,484,B
model2,486,E
model2,484,C
model2,487,A
model2,486,G
model2,484,A
model2,486,H
model2,487,D
model2,484,B
model2,487,F
model2,484,C
model2,487,E
model2,484,A
model2,487,G
model2,488,A
model2,484,B
model2,487,H
model2,488,B
model2,484,C
model2,488,C
model2,484,A
model2,488,A
model2,484,B
model2,488,B
model2,489,A
model2,484,C
model2,489,D
model2,488,C
model2,489,F
model2,484,A
model2,488,A
model2,488,B
model2,484,D
model2,489,E
model2,488,C
model2,489,G
model2,484,F
model2,490,A
model2,488,A
model2,484,E
model2,490,B
model2,489,I
model2,488,B
model2,484,G
model2,489,J
model2,490,C
model2,488,C
model2,484,H
model2,489,L
model2,490,A
model2,488,A
model2,489,Q
model2,490,B
model2,491,A
model2,488,D
model2,489,N
model2,491,B
model2,490,C
model2,488,F
model2,491,C
model2,490,A
model2,488,E
model2,491,A
model2,490,D
model2,488,G
model2,491,B
model2,490,F
model2,492,A
model2,488,H
model2,491,C
model2,492,D
model2,490,E
model2,491,A
model2,492,F
model2,490,G
model2,491,B
model2,492,E
model2,490,I
model2,491,C
model2,492,G
model2,490,J
model2,493,A
model2,491,A
model2,490,L
model2,493,B
model2,492,I
model2,491,B
model2,490,Q
model2,492,J
model2,493,C
model2,491,C
model2,490,O
model2,492,L
model2,493,A
model2,491,A
model2,494,A
model2,492,Q
model2,493,B
model2,491,D
model2,494,D
model2,492,N
model2,493,C
model2,491,F
model2,494,F
model2,493,A
model2,491,E
model2,494,E
model2,493,D
model2,491,G
model2,495,A
model2,494,G
model2,493,F
model2,491,H
model2,495,B
model2,494,H
model2,493,E
model2,495,C
model2,493,G
model2,495,A
model2,493,I
model2,496,A
model2,495,B
model2,493,J
model2,496,B
model2,495,C
model2,493,K
model2,496,C
model2,493,Q
model2,495,A
model2,496,A
model2,493,O
model2,495,B
model2,497,A
model2,496,D
model2,495,C
model2,497,D
model2,496,F
model2,495,A
model2,497,F
model2,496,E
model2,495,B
model2,495,C
model2,496,G
model2,497,E
model2,498,A
model2,495,A
model2,497,G
model2,496,H
model2,498,B
model2,495,D
model2,497,I
model2,498,C
model2,495,F
model2,497,J
model2,498,A
model2,495,E
model2,497,L
model2,498,D
model2,499,A
model2,495,G
model2,497,Q
model2,499,D
model2,498,F
model2,495,H
model2,497,N
model2,499,F
model2,498,E
model2,498,G
model2,499,E
model2,498,H
model2,499,G
model2,499,H
